<application>
  <component name="AndroidLogcatFilterHistory">
    <option name="mostRecentlyUsed" value="UpdateViewModel" />
    <option name="nonFavorites">
      <list>
        <option value="UpdateViewModel" />
        <option value="CaptureViewModel" />
        <option value="ImageEntry" />
        <option value="RecordButton" />
        <option value="package:mine " />
        <option value="CaptureFragment" />
        <option value="USBMonitor" />
        <option value="CameraFragment" />
        <option value="BBTCameraFragment" />
      </list>
    </option>
  </component>
</application>