<application>
  <component name="FileTypeManager" version="18">
    <ignoreFiles list="*.idea;*.iml;*.pyc;*.pyo;*.rbc;*.yarb;*~;.DS_Store;.git;.gradle;.hg;.svn;CVS;__pycache__;_svn;local.properties;vssver.scc;vssver2.scc" />
    <extensionMap>
      <mapping pattern="user_agreement_main" type="CSS" />
      <mapping pattern="day_content" type="CSS" />
      <mapping pattern="comment_autonomy_promise" type="HTML" />
      <mapping pattern="privacy_agreement1" type="HTML" />
      <mapping pattern="user_agreement" type="HTML" />
      <mapping pattern="about_us" type="HTML" />
      <mapping pattern="privacy_policy" type="HTML" />
      <mapping pattern="third_party_sdk_catalogue" type="HTML" />
      <mapping pattern="privacy_agreement" type="PLAIN_TEXT" />
      <mapping ext="prej" type="PLAIN_TEXT" />
      <mapping pattern="network_security_config" type="XML" />
      <removed_mapping ext="apk" approved="true" type="ARCHIVE" />
      <removed_mapping ext="psd" approved="true" type="Image" />
      <mapping pattern="day_content" type="CSS" />
      <mapping pattern="user_agreement_main" type="CSS" />
    </extensionMap>
  </component>
</application>