<application>
  <component name="GeneralSettings">
    <option name="confirmExit" value="false" />
    <option name="confirmOpenNewProject2" value="0" />
    <option name="reopenLastProject" value="false" />
  </component>
  <component name="Registry">
    <entry key="ide.text.editor.with.preview.show.floating.toolbar" value="false" />
    <entry key="external.system.auto.import.disabled" value="true" />
    <entry key="gradle.version.catalogs.dynamic.support" value="true" />
  </component>
</application>