<application>
  <component name="CodeInsightSettings">
    <option name="AUTO_POPUP_JAVADOC_INFO" value="true" />
  </component>
  <component name="EditorSettings">
    <option name="USE_SOFT_WRAPS" value="CONSOLE" />
    <option name="IS_WHEEL_FONTCHANGE_ENABLED" value="true" />
  </component>
  <component name="InlayHintsSettings">
    <settingsMapElement>
      <kotlin.kotlin.lambdas.hints>
        <Settings>
          <option name="implicitReceiversAndParams" value="false" />
          <option name="returnExpressions" value="false" />
        </Settings>
      </kotlin.kotlin.lambdas.hints>
    </settingsMapElement>
  </component>
</application>