<application>
  <component name="UpdatesConfigurable">
    <ignoredBuildNumbers>
      <item value="emulator#29.3.2" />
      <item value="ndk-bundle#20.1.5948944" />
      <item value="ndk-bundle#21.0.6113669" />
      <item value="cmdline-tools;latest#7.0" />
      <item value="emulator#31.3.10" />
      <item value="platform-tools#33.0.3" />
    </ignoredBuildNumbers>
    <option name="LAST_BUILD_CHECKED" value="AI-222.4459.24.2221.10121639" />
    <option name="LAST_TIME_CHECKED" value="1691073438885" />
    <option name="THIRD_PARTY_PLUGINS_ALLOWED" value="true" />
    <option name="UPDATE_CHANNEL_TYPE" value="release" />
  </component>
</application>